user_name,tone,time_date,text,date_column,translated_text
cristiano ronaldo,positive,2022-12-09 20:33:00,h um mundial que portugal j ganhou o dos adeptos incrvel o apoio e o carinho que temos sentido de tantos portugueses e no s aqui no catar to longe da nossa ptria continuem a apoiar nos bons e nos maus momentos tudo faremos para retribuir com vitrias fora,2022-12-09 20:33:00,There is a World Cup that has earned the incredible supporters the support and affection we have felt for so many Portuguese and not here at the Qatar so far from our ptry continues to support the good and bad times we will do everything to return with vitrias abroad
cristiano ronaldo,neutral,2022-12-08 13:09:00,um grupo demasiado unido para ser quebrado por foras externas uma nao demasiado corajosa para se deixar atemorizar perante qualquer adversrio uma equipa no verdadeiro sentido da palavra que vai lutar pelo sonho at ao fim acreditem connosco fora portugal,2022-12-08 13:09:00,A group too united to be broken by external forces a non -brave to let it be affected by any opponent a team in the true sense of the word that will fight for the dream to end believe us outside Portugal
cristiano ronaldo,neutral,2022-12-04 18:17:00,,2022-12-04 18:17:00,Into
cristiano ronaldo,neutral,2022-12-02 17:56:00,primeiros dois objectivos alcanados apuramento e liderana no nosso grupo mas h ainda muito mais pela frente vamos portugal,2022-12-02 17:56:00,first two objectives achieved ascertained and leaders in our group but there is still much later on we go Portugal
cristiano ronaldo,neutral,2022-12-01 17:39:00,o apuramento est garantido mas queremos tambm o lugar no h limites para esta equipa nem para os nossos objectivos vamos por mais fora portugal,2022-12-01 17:39:00,The determination is guaranteed but we also want the place in H Limits for this team or for our objectives we will be more outside Portugal
cristiano ronaldo,neutral,2022-11-12 18:23:00,muitos parabns meu amor,2022-11-12 18:23:00,many congratulations my love
cristiano ronaldo,positive,2022-11-12 15:50:00,very happy is giving the next generation of football stars in asia the chance to shine the youngwarrior scholarship starts in singapore and will be in other parts of asia next year lets do this all info on,2022-11-12 15:50:00,very happy is giving the next generation of football stars in asia the chance to shine the youngwarrior scholarship starts in singapore and will be in other parts of asia next year lets do this all info on
cristiano ronaldo,neutral,2022-11-10 17:46:00,uma vez mais prontos para elevar bem alto o nome de portugal so os nomes na lista do mister fernando santos mas estamos todos convocados fora portugal,2022-11-10 17:46:00,Once again ready to raise the name of Portugal only the names on the list of Mister Fernando Santos but we are all summoned outside Portugal
cristiano ronaldo,positive,2022-11-03 20:31:00,we move on and we keep going after our goals this season thanks to our supporters that never give up on us,2022-11-03 20:31:00,we move on and we keep going after our goals this season thanks to our supporters that never give up on us
cristiano ronaldo,neutral,2022-10-12 16:43:00,when its time for you to take the stage drown out the noise find your voice and make it heard clearxcr clearmen beclearbefearless bethefirstyou,2022-10-12 16:43:00,when its time for you to take the stage drown out the noise find your voice and make it heard clearxcr clearmen beclearbefearless bethefirstyou
cristiano ronaldo,positive,2022-10-11 08:02:00,for every moment you see on the field there are countless moments you dont see off it from working out to nutrition to the community that makes me stronger its important to nourish every part of life lifewellnourished herbalife,2022-10-11 08:02:00,for every moment you see on the field there are countless moments you dont see off it from working out to nutrition to the community that makes me stronger its important to nourish every part of life lifewellnourished herbalife
cristiano ronaldo,positive,2022-10-10 11:05:00,what a beautiful number weve achieved together thank you to all my teammates coaches clubs family amp friends and of course my fans united we continue,2022-10-10 11:05:00,what a beautiful number weve achieved together thank you to all my teammates coaches clubs family amp friends and of course my fans united we continue
cristiano ronaldo,positive,2022-10-09 22:03:00,great win guys another step in the right direction westandunited,2022-10-09 22:03:00,great win guys another step in the right direction westandunited
cristiano ronaldo,positive,2022-09-05 15:20:00,its always good to be with you alwaystogether,2022-09-05 15:20:00,its always good to be with you alwaystogether
cristiano ronaldo,positive,2022-09-04 18:57:00,well done lads and a very special thank you to our supporters lets go devils,2022-09-04 18:57:00,well done lads and a very special thank you to our supporters lets go devils
cristiano ronaldo,positive,2022-09-02 14:28:00,great victory mufc,2022-09-02 14:28:00,great victory mufc
cristiano ronaldo,negative,2022-08-10 18:38:00,hard work always pays off,2022-08-10 18:38:00,hard work always pays off
cristiano ronaldo,neutral,2022-06-09 14:45:00,est na hora de reforar a liderana no grupo manter o bom momento exibicional e brindar os nossos adeptos com mais uma vitria como sempre contamos com o vosso incansvel apoio vamos portugal,2022-06-09 14:45:00,It's time to reform leadership in the group to maintain the good moment exhibition and toast our fans with another vitia as we always count on your inability to go Portugal
cristiano ronaldo,neutral,2022-06-06 17:00:00,download the app and get all your football updates wherever you are,2022-06-06 17:00:00,download the app and get all your football updates wherever you are
cristiano ronaldo,neutral,2022-06-06 12:24:00,,2022-06-06 12:24:00,Into
cristiano ronaldo,neutral,2022-06-05 22:37:00,vitria importantssima na nossa caminhada muito orgulho e confiana neste grupo muita fora para darmos aos portugueses aquilo que tanto desejamos vitrias e exibies convincentes parece que a poca est a acabar mas na verdade isto ainda est s a comear,2022-06-05 22:37:00,Important Vitria in our walk a lot of pride and trust in this group a lot out to give the Portuguese what we want vitrians and convincing display seems to end but in fact this is still starting
cristiano ronaldo,neutral,2022-06-05 09:43:00,muitos parabns meus amores o pap no podia estar mais orgulhoso de vocs continuem a ser felizes e com esses sorrisos lindos amovos muito,2022-06-05 09:43:00,Many congratulations my loves the bread could not be more proud of you continue to be happy and with these beautiful smiles very
cristiano ronaldo,positive,2022-05-12 17:54:00,my nd premier league player of the month award the th in my career im as happy to win today as i was in my early days the hunger for victory and achievements never fades away thanks to everyone that made this possible,2022-05-12 17:54:00,my nd premier league player of the month award the th in my career im as happy to win today as i was in my early days the hunger for victory and achievements never fades away thanks to everyone that made this possible
cristiano ronaldo,positive,2022-05-09 10:32:00,always good to be with my bros,2022-05-09 10:32:00,always good to be with my bros
cristiano ronaldo,neutral,2022-05-03 17:00:00,download the app and never miss any of my goals,2022-05-03 17:00:00,download the app and never miss any of my goals
cristiano ronaldo,positive,2022-04-07 20:10:00,work hard focus on the everyday goals enjoy the moments with your friends great training session with my boy dalot keep fighting,2022-04-07 20:10:00,work hard focus on the everyday goals enjoy the moments with your friends great training session with my boy dalot keep fighting
cristiano ronaldo,positive,2022-04-03 13:17:00,family is everything proud,2022-04-03 13:17:00,family is everything proud
cristiano ronaldo,neutral,2022-03-01 16:56:00,keep working,2022-03-01 16:56:00,keep working
cristiano ronaldo,neutral,2022-02-11 18:59:00,focus mufc,2022-02-11 18:59:00,focus mufc
cristiano ronaldo,positive,2022-02-09 16:02:00,children are and will always be the best thing the world has to offer and we must protect them at all costs supporters are and will always be the best in football and we must respect everything they face and endure for their clubs,2022-02-09 16:02:00,children are and will always be the best thing the world has to offer and we must protect them at all costs supporters are and will always be the best in football and we must respect everything they face and endure for their clubs
cristiano ronaldo,positive,2022-02-05 22:50:00,life is a roller coaster hard work high speed urgent goals demanding expectations but in the end it all comes down to family love honesty friendship values that make it all worth it thanks for all the messages and counting,2022-02-05 22:50:00,life is a roller coaster hard work high speed urgent goals demanding expectations but in the end it all comes down to family love honesty friendship values that make it all worth it thanks for all the messages and counting
cristiano ronaldo,positive,2022-01-11 11:25:00,good morning,2022-01-11 11:25:00,good morning
cristiano ronaldo,positive,2022-01-02 17:55:00,enjoyed being the worlds first maskchanging footballer warrior exclusive bts and how it is made possible with advanced technology is giving away a shirt i signed to a subscriber sign up at to watch the full video and know how to participate,2022-01-02 17:55:00,enjoyed being the worlds first maskchanging footballer warrior exclusive bts and how it is made possible with advanced technology is giving away a shirt i signed to a subscriber sign up at to watch the full video and know how to participate
